-- Tabla de tipos de documentos
CREATE TABLE MAE_TIPO_DOCUMENTO (
  ID_TIPO_DOCUMENTO INTEGER PRIMARY KEY,
  DESCRIPCION VARCHAR(50) NOT NULL
);

-- Tabla de unidades
CREATE TABLE MAE_UNIDADES (
  ID_UNIDAD INTEGER PRIMARY KEY,
  DESCRIPCION VARCHAR(50) NOT NULL
);

-- Tabla de proveedores
CREATE TABLE MAE_PROVEEDOR (
  ID_PROVEEDOR INTEGER PRIMARY KEY NOT NULL,
  ID_TIPO_DOCUMENTO INTEGER NOT NULL,
  NOMBRE VARCHAR(20) NOT NULL,
  DIRECCION VARCHAR(100) NOT NULL,
  TELEFONO VARCHAR(12) NOT NULL,
  CORREO VARCHAR(50),
  FOREIGN KEY (ID_TIPO_DOCUMENTO) REFERENCES MAE_TIPO_DOCUMENTO (ID_TIPO_DOCUMENTO)
);

-- Tabla de productos
CREATE TABLE MAE_PRODUCTO (
  ID_PRODUCTO INTEGER PRIMARY KEY NOT NULL,
  ID_UNIDAD INTEGER NOT NULL,
  NOMBRE VARCHAR(255) NOT NULL,
  DESCRIPCION TEXT ,
  PESO FLOAT NOT NULL,
  FOREIGN KEY (ID_UNIDAD) REFERENCES MAE_UNIDADES (ID_UNIDAD)
);

-- Tabla de clientes
CREATE TABLE MAE_CLIENTE (
  ID_CLIENTE INTEGER PRIMARY KEY NOT NULL,
  ID_TIPO_DOCUMENTO INTEGER NOT NULL,
  NOMBRE VARCHAR(20) NOT NULL,
  ID_DOCUMENTO INTEGER NOT NULL,
  NUM_DOCUMENTO VARCHAR(50) NOT NULL,
  DIRECCION VARCHAR(100) NOT NULL,
  TELEFONO VARCHAR(12) NOT NULL,
  FOREIGN KEY (ID_TIPO_DOCUMENTO) REFERENCES MAE_TIPO_DOCUMENTO (ID_TIPO_DOCUMENTO)
);

-- Tabla de transportistas
CREATE TABLE MAE_TRANSPORTISTA (
  ID_TRANSPORTISTA INTEGER PRIMARY KEY NOT NULL,
  ID_TIPO_DOCUMENTO INTEGER NOT NULL  ,
  NOMBRE VARCHAR(20) NOT NULL,
  APELLIDO VARCHAR(30) NOT NULL,
  ID_TIPO_DOCUMENTO INTEGER NOT NULL,
  NUM_LICENCIA VARCHAR(10) NOT NULL,
  FOREIGN KEY (ID_TIPO_DOCUMENTO) REFERENCES MAE_TIPO_DOCUMENTO (ID_TIPO_DOCUMENTO)
);

-- Tabla de vehículos
CREATE TABLE MAE_VEHICULO (
  ID_VEHICULO INTEGER PRIMARY KEY NOT NULL,
  PLACA VARCHAR(10) NOT NULL,
  CATEGORIA VARCHAR(10) NOT NULL,
  CAPACIDAD FLOAT NOT NULL,
  IND_RETORNO BOOLEAN NOT NULL
);

-- Tabla de cabecera de guía de remisión
CREATE TABLE TRS_CABECERA_GR (
  ID_CABECERA INTEGER PRIMARY KEY NOT NULL,
  ID_PROVEEDOR INTEGER NOT NULL,
  ID_CLIENTE INTEGER NOT NULL,
  ID_TRANSPORTISTA INTEGER NOT NULL,
  ID_VEHICULO INTEGER NOT NULL,
  NUM_GUIA VARCHAR(50) NOT NULL,
  FECHA_EMI DATE NOT NULL,
  HORA_EMI TIME NOT NULL,
  MOTIVO_TRAS TEXT NOT NULL,
  MODALIDAD VARCHAR(30) NOT NULL,
  FOREIGN KEY (ID_PROVEEDOR) REFERENCES MAE_PROVEEDOR (ID_PROVEEDOR),
  FOREIGN KEY (ID_CLIENTE) REFERENCES MAE_CLIENTE (ID_CLIENTE),
  FOREIGN KEY (ID_TRANSPORTISTA) REFERENCES MAE_TRANSPORTISTA (ID_TRANSPORTISTA),
  FOREIGN KEY (ID_VEHICULO) REFERENCES MAE_VEHICULO (ID_VEHICULO)
);

-- Tabla de detalle de guía de remisión
CREATE TABLE TRS_DETALLE_GR (
  ID_CABECERA INTEGER NOT NULL,
  ID_PRODUCTO INTEGER NOT NULL,
  NUM_FACTURA VARCHAR(10) NOT NULL,
  CANTIDAD_PROD INTEGER NOT NULL,
  PESO_TOTAL FLOAT NOT NULL,
  FOREIGN KEY (ID_CABECERA) REFERENCES TRS_CABECERA_GR (ID_CABECERA),
  FOREIGN KEY (ID_PRODUCTO) REFERENCES MAE_PRODUCTO (ID_PRODUCTO)
);

-- Insertando datos en MAE_TIPO_DOCUMENTO
INSERT INTO MAE_TIPO_DOCUMENTO (DESCRIPCION) VALUES
  (1,'DNI'),
  (2,'RUC'),
  (3,'Carnet de extranjería'),
  (4,'Pasaporte');

-- Insertando datos en MAE_UNIDADES
INSERT INTO MAE_UNIDADES (DESCRIPCION) VALUES
  ('Kilos'),
  ('Piezas'),
  ('Cajas');

-- Insertando datos de prueba en MAE_PROVEEDOR
INSERT INTO MAE_PROVEEDOR (ID_TIPO_DOCUMENTO, NOMBRE, APELLIDO, DIRECCION, TELEFONO, CORREO) VALUES
  (1, 'Distribuidora La Roca', 'Sánchez', 'Av. Los Alisos 123, Lima', '998877665', 'info@laroca.com'),
  (2, 'Ferretería El Martillo', 'Gómez', 'Jr. Huancayo 456, Arequipa', '987654321', 'contacto@elmartillo.com'),
  (3, 'Comercializadora San Martín', 'Díaz', 'Calle Tacna 789, Trujillo', '955443322', 'ventas@sanmartin.com');

-- Insertando datos de prueba en MAE_PRODUCTO
INSERT INTO MAE_PRODUCTO (NOMBRE, DESCRIPCION, PESO, ID_UNIDAD) VALUES
  ('Ladrillos Cerámicos', 'Ladrillos de cerámica para construcción', 3.5, 1),
  ('Tornillos Autoperforantes', 'Tornillos para estructuras metálicas', 0.02, 1),
  ('Cemento Portland Tipo I', 'Cemento para uso general en construcción', 50.0, 1);

-- Insertando datos de prueba en MAE_CLIENTE
INSERT INTO MAE_CLIENTE (ID_TIPO_DOCUMENTO, NOMBRE, APELLIDO, ID_DOCUMENTO, NUM_DOCUMENTO, DIRECCION, TELEFONO) VALUES
  (2, 'Constructora Los Cedros', 'Martínez', 2, '20123456789', 'Av. Caminos del Inca 234, Lima', '977665544'),
  (2, 'Ingeniería y Arquitectura SAC', 'Pérez', 2, '20456789012', 'Jr. Pizarro 567, Arequipa', '955443322'),
  (2, 'Remodelaciones Ríos EIRL', 'González', 2, '20567890123', 'Calle El Sol 890, Trujillo', '944332211');

-- Insertando datos de prueba en MAE_TRANSPORTISTA
INSERT INTO MAE_TRANSPORTISTA (NOMBRE, APELLIDO, DNI, NUM_LICENCIA) VALUES
  ('Transportes Gómez', 'García', '11223344', 'LIC-001'),
  ('Logística Express', 'Pérez', '22334455', 'LIC-002'),
  ('Transportes El Sol', 'López', '33445566', 'LIC-003');

-- Insertando datos de prueba en MAE_VEHICULO
INSERT INTO MAE_VEHICULO (PLACA, CATEGORIA, CAPACIDAD, IND_RETORNO) VALUES
  ('ABC-123', 'Camión', 5000.0, true),
  ('XYZ-789', 'Furgoneta', 2000.0, false),
  ('DEF-456', 'Camioneta', 3000.0, true);

-- Insertando datos de prueba en TRS_CABECERA_GR
INSERT INTO TRS_CABECERA_GR (ID_PROVEEDOR, ID_CLIENTE, ID_TRANSPORTISTA, ID_VEHICULO, NUM_GUIA, FECHA_EMI, HORA_EMI, MOTIVO_TRAS, MODALIDAD) VALUES
  (1, 1, 1, 1, 'GR2023001', '2024-06-15', '12:30:00', 'Venta de materiales de construcción', 'Terrestre'),
  (2, 2, 2, 2, 'GR2023002', '2024-06-15', '13:00:00', 'Envío de tornillos a sucursal', 'Terrestre'),
  (3, 3, 3, 3, 'GR2023003', '2024-06-15', '13:30:00', 'Transporte de cemento para obra', 'Terrestre');

-- Insertando datos de prueba en TRS_DETALLE_GR
INSERT INTO TRS_DETALLE_GR (ID_CABECERA, ID_PRODUCTO, NUM_FACTURA, CANTIDAD_PROD, PESO_TOTAL) VALUES
  (1, 1, 'FAC-2023001', 100, 350.0),
  (1, 2, 'FAC-2023002', 500, 10.0),
  (2, 2, 'FAC-2023003', 750, 15.0),
  (3, 3, 'FAC-2023004', 300, 150.0);
